kabupaten_id,provinsi_id,nama,lat,lng
1101, 11, Aceh Selatan, 3.2548016392931354, 97.17411233973566
1102, 11, Aceh Tenggara, 3.473359853097982, 97.81924348302599
1103, 11, Aceh Timur, 4.932736888548549, 97.7838443591112
1104, 11, Aceh Tengah, 4.622057187598997, 96.84566791108571
1105, 11, Aceh Barat, 4.15301021563362, 96.1314406676852
1106, 11, Aceh Besar, 5.2973395526628515, 95.61087103885502
1107, 11, Pidie, 5.367600459124008, 95.95788011001953
1108, 11, Aceh Utara, 5.07571569194339, 97.30262386768965
1109, 11, Simeulue, 2.4614125527223116, 96.38037739836625
1110, 11, Aceh Singkil, 2.2710939677616295, 97.81532536767888
1111, 11, Bireuen, 5.207564894628741, 96.72640339652622
1112, 11, Aceh Barat Daya, 3.7391033250335153, 96.85150507428492
1113, 11, Gayo Lues, 3.993465184564387, 97.32450169161383
1114, 11, Aceh Jaya, 4.624131830287506, 95.61681174202448
1115, 11, Nagan Raya, 4.169426810266828, 96.32437393884945
1116, 11, Aceh Tamiang, 4.301275755472272, 98.04571548117825
1117, 11, Bener Meriah, 4.702762114549044, 96.86195266768776
1118, 11, Pidie Jaya, 5.2288994377471605, 96.24475688303401
1171, 11, Kota Banda Aceh, 5.550049859538454, 95.31782669652819
1172, 11, Kota Sabang, 5.892656382959924, 95.32111719653021
1173, 11, Kota Lhokseumawe, 5.179363622042538, 97.14894011186956
1174, 11, Kota Langsa, 4.46948210581997, 97.96644605234316
1175, 11, Kota Subulussalam, 2.6707917619957486, 97.99301166767994
1201, 12, Tapanuli Tengah, 1.684690341229827, 98.82771720471466
1202, 12, Tapanuli Utara, 2.0218496600101576, 98.96179136764661
1203, 12, Tapanuli Selatan, 1.519661925116435, 99.30284312257872
1204, 12, Nias, 1.2417545046363359, 97.64991802740695
1205, 12, Langkat, 3.7426864805785707, 98.44753521807361
1206, 12, Karo, 3.110679693532461, 98.5013348785831
1207, 12, Deli Serdang, 3.550718941711028, 98.86644224023665
1208, 12, Simalungun, 2.9653486091382972, 98.86209969919715
1209, 12, Asahan, 2.9881057835467244, 99.61283578690154
1210, 12, Labuhanbatu, 2.070089999362207, 99.85708629199812
1211, 12, Dairi, 2.7479672571598934, 98.31396934594967
1212, 12, Toba, 2.3318009358602985, 99.05102147349844
1213, 12, Mandailing Natal, 0.7967262645602773, 99.57880901075687
1214, 12, Nias Selatan, 0.5833773193046318, 97.7778846860258
1215, 12, Pakpak Bharat, 2.541054180498141, 98.32258850116699
1216, 12, Humbang Hasundutan, 2.250279290484845, 98.79045401025103
1217, 12, Samosir, 2.5598708852610876, 98.7223886458626
1218, 12, Serdang Bedagai, 3.4912650864166386, 99.12592027625313
1219, 12, Batu Bara, 3.1717751880433394, 99.4209807063729
1220, 12, Padang Lawas Utara, 1.4945493942995707, 99.61970881122626
1221, 12, Padang Lawas, 1.0555897761779505, 99.77552008687299
1222, 12, Labuhanbatu Selatan, 1.8682211662701844, 100.04114555938138
1223, 12, Labuhanbatu Utara, 2.5628487863896083, 99.65806864456648
1224, 12, Nias Utara, 1.389322425641782, 97.38136186409508
1225, 12, Nias Barat, 0.9989625537417939, 97.49525171290033
1271, 12, Kota Medan, 3.5902455275064686, 98.67497243281954
1272, 12, Kota Pematangsiantar, 2.956496281855757, 99.06182098647018
1273, 12, Kota Sibolga, 1.7460206351072023, 98.77558765380772
1274, 12, Kota Tanjung Balai, 2.9477544593720797, 99.76671856261935
1275, 12, Kota Binjai, 3.6029774611853127, 98.48318146773616
1276, 12, Kota Tebing Tinggi, 3.3275651079027178, 99.16631751787298
1277, 12, Kota Padangsidimpuan, 1.3776451726865724, 99.27144601728223
1278, 12, Kota Gunungsitoli, 1.2826405556021396, 97.61346302920929
1301, 13, Pesisir Selatan, -1.3480157543827396, 100.57771703088352
1302, 13, Solok, -0.9515709623485049, 100.621363864246
1303, 13, Sijunjung, -0.6657814625085021, 100.94461003602282
1304, 13, Tanah Datar, -0.47436500293745626, 100.62341833230498
1305, 13, Padang Pariaman, -0.6209981455774217, 100.30654186745963
1306, 13, Agam, -0.3151932364711986, 100.02965550313753
1307, 13, Lima Puluh Kota, -0.1523939738781051, 100.66073826825613
1308, 13, Pasaman, 0.14039088869184965, 100.16698745256477
1309, 13, Kepulauan Mentawai, -2.054155901765037, 99.58047028483205
1310, 13, Dharmasraya, -0.9529856017421708, 101.4941127505854
1311, 13, Solok Selatan, -1.55622109073616, 101.23950314232809
1312, 13, Pasaman Barat, 0.11037800042690936, 99.82778738745613
1371, 13, Kota Padang, -0.8758770365307109, 100.38728839371491
1372, 13, Kota Solok, -0.7994814749336137, 100.65278211152693
1373, 13, Kota Sawahlunto, -0.6750372451200484, 100.76750125689844
1374, 13, Kota Padang Panjang, -0.4621189750496027, 100.39039860910817
1375, 13, Kota Bukittinggi, -0.2854652709845979, 100.36780701021121
1376, 13, Kota Payakumbuh, -0.22251750962688782, 100.63197810693005
1377, 13, Kota Pariaman, -0.6289899582270029, 100.1377134437062
1401, 14, Kampar, 0.3138917999795952, 101.01798894984739
1402, 14, Indragiri Hulu, -0.39300278228698865, 102.43757196516648
1403, 14, Bengkalis, 1.4731922402874156, 102.11333539019962
1404, 14, Indragiri Hilir, -0.3151906894045306, 103.15785004555477
1405, 14, Pelalawan, 0.38378706324101214, 101.8419575583448
1406, 14, Rokan Hulu, 0.8997093117054642, 100.30741018024709
1407, 14, Rokan Hilir, 2.0994939613474934, 100.81765082131788
1408, 14, Siak, 0.8045392202011306, 102.02031850446771
1409, 14, Kuantan Singingi, -0.5053008502336358, 101.53807726174774
1410, 14, Kepulauan Meranti, 1.0007034465615983, 102.72568179719613
1471, 14, Kota Pekanbaru, 0.5134188210148788, 101.44702176089957
1472, 14, Kota Dumai, 1.605410676514873, 101.39165976395793
1501, 15, Kerinci, -2.057362540443507, 101.3884655651427
1502, 15, Merangin, -2.060060712192705, 102.27432945279186
1503, 15, Sarolangun, -2.3132156092521274, 102.75041232450403
1504, 15, Batanghari, -1.6936093136328045, 103.27299563039578
1505, 15, Muaro Jambi, -1.4482512111723946, 103.51549566092164
1506, 15, Tanjung Jabung Barat, -0.8267010584857123, 103.46121376201233
1507, 15, Tanjung Jabung Timur, -1.2062288175283662, 103.79042841792285
1508, 15, Bungo, -1.5163157015353335, 102.11868862402379
1509, 15, Tebo, -1.4662159218571826, 102.35827578475197
1571, 15, Kota Jambi, -1.6305013396917745, 103.60727024612254
1572, 15, Kota Sungai Penuh, -2.070909819809651, 101.39607811491697
1601, 16, Ogan Komering Ulu, -4.165710009351137, 104.19777124067642
1602, 16, Ogan Komering Ilir, -3.4116461216612666, 104.82302047600152
1603, 16, Muara Enim, -3.6556303086592794, 103.77700425898033
1604, 16, Lahat, -3.7781858650486404, 103.55048129479607
1605, 16, Musi Rawas, -3.243507659535636, 103.01158628091243
1606, 16, Musi Banyuasin, -2.8888428202148733, 103.84022898155693
1607, 16, Banyuasin, -2.91681146820806, 104.40664162434949
1608, 16, Ogan Komering Ulu Timur, -4.368780840384969, 104.35844673228776
1609, 16, Ogan Komering Ulu Selatan, -4.532324222637718, 104.09536192072122
1610, 16, Ogan Ilir, -3.2605839796212193, 104.65253470549459
1611, 16, Empat Lawang, -3.609843671060275, 103.10276373795163
1612, 16, Penukal Abab Lematang Ilir, -3.3098740053582287, 103.88405107482733
1613, 16, Musi Rawas Utara, -2.734689531152489, 102.90112671236449
1671, 16, Kota Palembang, -2.991046172915815, 104.75675098698375
1672, 16, Kota Pagar Alam, -4.039321642834122, 103.19702046655082
1673, 16, Kota Lubuk Linggau, -3.3258415506679007, 102.82538716626468
1674, 16, Kota Prabumulih, -3.3689384034331873, 104.30842635256347
1701, 17, Bengkulu Selatan, -4.439935303062977, 102.89520237885483
1702, 17, Rejang Lebong, -3.4779639096664248, 102.53188572612797
1703, 17, Bengkulu Utara, -3.436858034706668, 102.2017863093631
1704, 17, Kaur, -4.7591102206280205, 103.34909985473034
1705, 17, Seluma, -4.077629925945562, 102.55625381723668
1706, 17, Muko Muko, -2.5527631166770415, 101.10421399515411
1707, 17, Lebong, -3.1574485628093467, 102.18284672681582
1708, 17, Kepahiang, -3.6251092126391558, 102.55634520967017
1709, 17, Bengkulu Tengah, -3.7728554135369468, 102.3899904291284
1771, 17, Kota Bengkulu, -3.792845099999999, 102.26076409999996
1801, 18, Lampung Selatan, -5.717676069034854, 105.58534802478252
1802, 18, Lampung Tengah, -4.977246742581951, 105.21014035161986
1803, 18, Lampung Utara, -4.8291901217543, 104.88744459932492
1804, 18, Lampung Barat, -5.018974596354066, 104.06076281355635
1805, 18, Tulang Bawang, -4.494996749237475, 105.22021203836975
1806, 18, Tanggamus, -5.480674664821914, 104.68229977472107
1807, 18, Lampung Timur, -5.048183264548101, 105.52825470212977
1808, 18, Way Kanan, -4.506182074363012, 104.51131397505866
1809, 18, Pesawaran, -5.397533024693423, 105.07010811310506
1810, 18, Pringsewu, -5.344241935909573, 105.00640245995234
1811, 18, Mesuji, -3.873162785665348, 105.42787851469521
1812, 18, Tulang Bawang Barat, -4.499407459058168, 105.11989991165247
1813, 18, Pesisir Barat, -5.188425335364648, 103.93458368482928
1871, 18, Kota Bandar Lampung, -5.429579213794452, 105.26256765111627
1872, 18, Kota Metro, -5.113688728188825, 105.30690431111174
1901, 19, Bangka, -1.8873108002346788, 106.10482719651391
1902, 19, Belitung, -2.742308350486171, 107.65431549651602
1903, 19, Bangka Selatan, -3.019747321507955, 106.5117467118603
1904, 19, Bangka Tengah, -2.515349261743928, 106.41589404069474
1905, 19, Bangka Barat, -2.0586102945536235, 105.20138132535004
1906, 19, Belitung Timur, -2.883346486095607, 108.23930392535223
1971, 19, Kota Pangkal Pinang, -2.1409794439689436, 106.11591390259511
2101, 21, Bintan, 0.8761625985061989, 104.44522264606073
2102, 21, Karimun, 1.0867044293599752, 104.50214506989914
2103, 21, Natuna, 1.032978125457723, 103.37578135747897
2104, 21, Lingga, 3.923444039666034, 108.3369318453504
2105, 21, Kepulauan Anambas, -0.2099928734471007, 104.60465899766058
2171, 21, Kota Batam, 3.2145458693401, 106.24870240264536
2172, 21, Kota Tanjung Pinang, 1.1287452751793037, 104.05533324230443
3101, 31, Kepulauan Seribu, 0.9653429680491279, 104.44098650588683
3171, 31, Kota Jakarta Pusat, -5.746480997815013, 106.61316002536523
3172, 31, Kota Jakarta Utara, -6.172913263118424, 106.81869625420377
3173, 31, Kota Jakarta Barat, -6.1200283357159915, 106.89249513885989
3174, 31, Kota Jakarta Selatan, -6.184334501192923, 106.73662053886034
3175, 31, Kota Jakarta Timur, -6.247775007302514, 106.80763679653259
3201, 32, Bogor, -6.2136855478344994, 106.9440075965323
3202, 32, Sukabumi, -6.479478948089524, 106.82471731002641
3203, 32, Cianjur, -6.989164614549726, 106.55022261003006
3204, 32, Bandung, -6.822746173673224, 107.1394835830441
3205, 32, Garut, -7.021854779311784, 107.52755122537383
3206, 32, Tasikmalaya, -7.202671667220667, 107.88606805421097
3207, 32, Ciamis, -7.361038703594784, 108.11307619839148
3208, 32, Kuningan, -7.325899103457777, 108.3514012468077
3209, 32, Cirebon, -6.975864860855258, 108.48310462537334
3210, 32, Majalengka, -6.764528033189753, 108.47861955420773
3211, 32, Sumedang, -6.836270833744539, 108.22755549468556
3212, 32, Indramayu, -6.86120394309925, 107.92061689653679
3213, 32, Subang, -6.327080208332331, 108.32320909838413
3214, 32, Purwakarta, -6.571294853262137, 107.76235318119123
3215, 32, Karawang, -6.556211845847212, 107.44125672537048
3216, 32, Bekasi, -6.301616343281738, 107.30488191002529
3217, 32, Bandung Barat, -6.247446600000001, 107.14845209999999
3218, 32, Pangandaran, -6.865221399999999, 107.49197670000001
3271, 32, Kota Bogor, -7.615061099999999, 108.49882690000004
3272, 32, Kota Sukabumi, -6.595057464978462, 106.79411231002724
3273, 32, Kota Bandung, -6.917619028189996, 106.93185683886544
3274, 32, Kota Cirebon, -6.910655826355507, 107.60986952537303
3275, 32, Kota Bekasi, -6.706735309782623, 108.55824665420744
3276, 32, Kota Depok, -6.2360139577925855, 106.9942480407117
3277, 32, Kota Cimahi, -6.394166132635422, 106.8226891965335
3278, 32, Kota Tasikmalaya, -6.870807159364418, 107.55515922352156
3279, 32, Kota Banjar, -7.316053133091321, 108.19701389654014
3301, 33, Cilacap, -7.725598913851234, 109.00953989681535
3302, 33, Banyumas, -7.4227990604767795, 109.23008333914095
3303, 33, Purbalingga, -7.388814420295788, 109.3640761679762
3304, 33, Banjarnegara, -7.395695390770286, 109.69606973623053
3305, 33, Kebumen, -7.668443736529897, 109.65371583117799
3306, 33, Purworejo, -7.713974600894097, 110.00829855421505
3307, 33, Wonosobo, -7.358331142315653, 109.90516253886881
3308, 33, Magelang, -7.596984026372694, 110.22353113036982
3309, 33, Boyolali, -7.545656104163497, 110.61059579654192
3310, 33, Klaten, -7.712385036340197, 110.59213566770745
3311, 33, Sukoharjo, -7.664598872152095, 110.83586765421464
3312, 33, Wonogiri, -7.815058364755334, 110.9256844677081
3313, 33, Karanganyar, -7.595516965884652, 110.93964029654224
3314, 33, Sragen, -7.426354762546872, 111.02317943886926
3315, 33, Grobogan, -7.082058555310319, 110.91737159653837
3316, 33, Blora, -6.969718505731454, 111.41492279653751
3317, 33, Rembang, -6.703466029933058, 111.34262144071498
3318, 33, Pati, -6.75222674353357, 111.03994759653601
3319, 33, Kudus, -6.805651710957646, 110.84219531187978
3320, 33, Jepara, -6.59009446252794, 110.66812971187831
3321, 33, Demak, -6.891354614610146, 110.63838933886524
3322, 33, Semarang, -7.128957393445669, 110.40409099653884
3323, 33, Temanggung, -7.315316457103409, 110.18189242537592
3324, 33, Kendal, -6.922836880283628, 110.20356709653716
3325, 33, Batang, -6.910710871962525, 109.72968238304469
3326, 33, Pekalongan, -7.0250357325518875, 109.59114532537376
3327, 33, Pemalang, -6.893151410423199, 109.38071935420861
3328, 33, Tegal, -6.995407828046843, 109.12789492537367
3329, 33, Brebes, -6.870110551867783, 109.03921083886512
3371, 33, Kota Magelang, -7.50371096633142, 110.22147082537745
3372, 33, Kota Surakarta, -7.569260552279098, 110.82945951003452
3373, 33, Kota Salatiga, -7.33043714839692, 110.5008298965402
3374, 33, Kota Semarang, -6.98167961659711, 110.4122341695528
3375, 33, Kota Pekalongan, -6.896949717498735, 109.66208089653703
3376, 33, Kota Tegal, -6.8704087484501155, 109.13741611002918
3401, 34, Kulon Progo, -7.794743145500835, 110.36728160024609
3402, 34, Bantul, -7.857808676282555, 110.15916128305197
3403, 34, Gunungkidul, -7.886189837551494, 110.3278379965447
3404, 34, Sleman, -7.964079635059824, 110.6015380965454
3471, 34, Kota Yogyakarta, -7.71654673418279, 110.35577266770737
3501, 35, Pacitan, -8.194484702033753, 111.10316522606453
3502, 35, Ponorogo, -7.870873802089809, 111.46254871373611
3503, 35, Trenggalek, -8.047910064122286, 111.70915082348205
3504, 35, Tulungagung, -8.064364715839401, 111.90068000547873
3505, 35, Blitar, -8.12393088642822, 112.21307421019162
3506, 35, Kediri, -7.80216489245253, 112.04111356733358
3507, 35, Malang, -8.105459029077382, 112.57329134091296
3508, 35, Lumajang, -8.135206153280906, 113.2243946381578
3509, 35, Jember, -8.169670975121788, 113.70215105421875
3510, 35, Banyuwangi, -8.223037204830721, 114.36643523941463
3511, 35, Bondowoso, -7.914444581620128, 113.82185071188832
3512, 35, Situbondo, -7.707340624354634, 114.00177518305065
3513, 35, Probolinggo, -7.761818744749144, 113.41597252537957
3514, 35, Pasuruan, -7.64901246028997, 112.90515909654273
3515, 35, Sidoarjo, -7.447173306341014, 112.71807833886932
3516, 35, Mojokerto, -7.462844394027845, 112.43341998304892
3517, 35, Jombang, -7.556402096019785, 112.23460958304962
3518, 35, Nganjuk, -7.601982862041979, 111.90189545421411
3519, 35, Madiun, -7.538540959979179, 111.6534826499319
3520, 35, Magetan, -7.656157297486492, 111.32926865421445
3521, 35, Ngawi, -7.401286050830588, 111.44544266770494
3522, 35, Bojonegoro, -7.149935359747551, 111.88154262537478
3523, 35, Tuban, -6.8961044097904685, 112.06506272537278
3524, 35, Lamongan, -7.1210348508171615, 112.41543434071801
3525, 35, Gresik, -7.170587571783878, 112.59967629653906
3526, 35, Bangkalan, -7.046392499923124, 112.73706719653809
3527, 35, Sampang, -7.1875353391978205, 113.23734031169953
3528, 35, Pamekasan, -7.156884154270928, 113.47188259653895
3529, 35, Sumenep, -7.014033429943415, 113.86352599653785
3571, 35, Kota Kediri, -7.8121941506978585, 112.0142841830517
3572, 35, Kota Blitar, -8.099174292311863, 112.1645539118899
3573, 35, Kota Malang, -7.977788119311085, 112.6338358100378
3574, 35, Kota Probolinggo, -7.75367770292879, 113.21423953887185
3575, 35, Kota Pasuruan, -7.647370692892007, 112.90855041188624
3576, 35, Kota Mojokerto, -7.4628151554153925, 112.43344588575034
3577, 35, Kota Madiun, -7.624396873185385, 111.52064916955761
3578, 35, Kota Surabaya, -7.258891323638141, 112.74703888119626
3579, 35, Kota Batu, -7.862516051170755, 112.5133531677289
3601, 36, Pandeglang, -6.316855430513631, 106.11479446982028
3602, 36, Lebak, -6.3607670885178305, 106.24618699653327
3603, 36, Tangerang, -6.115302501045602, 106.15201508303925
3604, 36, Serang, -6.164361554952064, 106.64107113819723
3671, 36, Kota Tangerang, -6.00980901882699, 106.04212868303857
3672, 36, Kota Cilegon, -6.1196975739996, 106.17346069838267
3673, 36, Kota Serang, -6.321567965040671, 106.70774205743535
3674, 36, Kota Tangerang Selatan, -6.269630455565761, 106.48440474071201
5101, 51, Jembrana, -8.357300895935373, 114.6369005100411
5102, 51, Tabanan, -8.539497666397425, 115.13103226771442
5103, 51, Badung, -8.601920881989042, 115.17914542538679
5104, 51, Gianyar, -8.540851437717537, 115.32410958305795
5105, 51, Klungkung, -8.534402013006794, 115.40297954072949
5106, 51, Bangli, -8.461762702253463, 115.35247721644086
5107, 51, Karangasem, -8.438846951802109, 115.61223348305695
5108, 51, Buleleng, -8.12516022356895, 115.09284902538256
5171, 51, Kota Denpasar, -8.654458853264748, 115.21653329890924
5201, 52, Lombok Barat, -8.681396051887829, 116.13670528305914
5202, 52, Lombok Tengah, -8.706131863466181, 116.27003418305937
5203, 52, Lombok Timur, -8.650938604217814, 116.52965363887955
5204, 52, Sumbawa, -8.489511525311054, 117.4196890006745
5205, 52, Dompu, -8.534112083030623, 118.46474902538593
5206, 52, Bima, -8.556532639441706, 118.67015779690297
5207, 52, Sumbawa Barat, -8.753910149465758, 116.85426539840077
5208, 52, Lombok Utara, -8.35633546555901, 116.15926985422034
5271, 52, Kota Mataram, -8.582728859362096, 116.10813842538651
5272, 52, Kota Bima, -8.461655165060522, 118.74871988305718
5301, 53, Kupang, -10.072767460089674, 123.86446322540102
5302, 53, Timor Tengah Selatan, -9.851780619986599, 124.26648135633013
5303, 53, Timor Tengah Utara, -9.456934944114428, 124.47508769420945
5304, 53, Belu, -9.105891366920305, 124.87357678138326
5305, 53, Alor, -8.209309443192296, 124.5734638597916
5306, 53, Flores Timur, -8.326454792692857, 123.00311081827232
5307, 53, Sikka, -8.616591300597133, 122.2080821234478
5308, 53, Ende, -8.84344514400059, 121.66223033425577
5309, 53, Ngada, -8.785172765189195, 120.97473007615979
5310, 53, Manggarai, -8.611446513623472, 120.4642990196421
5311, 53, Sumba Timur, -9.660787895234368, 120.26131862254613
5312, 53, Sumba Barat, -9.647321540554708, 119.39400717233693
5313, 53, Lembata, -8.359888246008067, 123.45924285276752
5314, 53, Rote Ndao, -10.75780320710065, 123.06259078628618
5315, 53, Manggarai Barat, -8.495964947540392, 119.89429877413119
5316, 53, Nagekeo, -8.575463250173927, 121.28112874980738
5317, 53, Sumba Tengah, -9.62267937221953, 119.60043476625835
5318, 53, Sumba Barat Daya, -9.391735416331608, 119.18099193903856
5319, 53, Manggarai Timur, -8.749471050872256, 120.60861905890188
5320, 53, Sabu Raijua, -10.452783457995888, 121.87803338600901
5321, 53, Malaka, -9.444597244521727, 124.91757971876395
5371, 53, Kota Kupang, -10.15389633793275, 123.61939014385608
6101, 61, Sambas, 1.3610923732904279, 109.3285001118564
6102, 61, Mempawah, 0.3507375156189089, 108.96247645418383
6103, 61, Sanggau, 0.12348442018479931, 110.59604636952717
6104, 61, Ketapang, -1.8442282167132769, 109.97893875233444
6105, 61, Sintang, 0.0786531223680243, 111.49548392534787
6106, 61, Kapuas Hulu, 0.8792574508162577, 112.92539148302002
6107, 61, Bengkayang, 0.8691040170174341, 109.49749129836343
6108, 61, Landak, 0.37478897210209017, 109.9382701253479
6109, 61, Sekadau, 0.007190078560764424, 110.95471874069129
6110, 61, Melawi, -0.3769284988267002, 111.7643663695273
6111, 61, Kayong Utara, -1.253324768640413, 109.95437986952808
6112, 61, Kubu Raya, -0.12685886609816646, 109.40395645418373
6171, 61, Kota Pontianak, -0.022086396871511572, 109.3381039118554
6172, 61, Kota Singkawang, 0.904786196799786, 108.97740501185594
6201, 62, Kotawaringin Barat, -2.2168389137766815, 113.91875072828039
6202, 62, Kotawaringin Timur, -2.6922174879548355, 111.63434121272037
6203, 62, Kapuas, -2.537536373508974, 112.94101118060833
6204, 62, Barito Selatan, -2.9644660187868714, 114.4161336148058
6205, 62, Barito Utara, -1.718998796838818, 114.84513147281662
6206, 62, Katingan, -0.9520746870429637, 114.89845405524693
6207, 62, Seruyan, -1.8807186625388674, 113.39917637503677
6208, 62, Sukamara, -3.4138432398482084, 112.54170361471685
6209, 62, Lamandau, -2.7605344039108397, 111.17662961478362
6210, 62, Gunung Mas, -2.1848222337113796, 111.42761967058787
6211, 62, Pulang Pisau, -1.1272585021152817, 113.8438717306911
6212, 62, Murung Raya, -2.7164345343156215, 114.30473004401904
6213, 62, Barito Timur, -0.6402071749256474, 114.56874629288852
6271, 62, Kota Palangkaraya, -2.115344993770098, 115.16920098606302
6301, 63, Tanah Laut, -2.173996226380074, 113.8802702994111
6302, 63, Kotabaru, -3.2362388666435793, 116.22797534143119
6303, 63, Banjar, -3.408734828681626, 114.84815554140891
6304, 63, Barito Kuala, -2.9783388223443703, 114.76579532814996
6305, 63, Tapin, -2.932105977155375, 115.16329842419783
6306, 63, Hulu Sungai Selatan, -2.786510324118423, 115.26594525712335
6307, 63, Hulu Sungai Tengah, -2.584768110610726, 115.38453172508864
6308, 63, Hulu Sungai Utara, -2.4188734176622435, 115.254335243741
6309, 63, Tabalong, -2.1643540668202728, 115.38235677273519
6310, 63, Tanah Bumbu, -3.4832399331677077, 115.94681434136322
6311, 63, Balangan, -2.36356752319171, 115.47108222829301
6371, 63, Kota Banjarmasin, -3.327490958483104, 114.58899911265445
6372, 63, Kota Banjarbaru, -3.438617247106197, 114.83106062806887
6401, 64, Paser, -1.9104348021556423, 116.19132949946525
6402, 64, Kutai Kartanegara, -0.4427799289927499, 116.99867075751636
6403, 64, Berau, 2.1500322293440193, 117.50760061575453
6407, 64, Kutai Barat, -0.2365477692797606, 115.69643256908253
6408, 64, Kutai Timur, 0.5256821109783744, 117.60821781465334
6409, 64, Penajam Paser Utara, -1.308203498951236, 116.72690384014312
6411, 64, Mahakam Ulu, 0.5056814783065791, 115.27080682675607
6471, 64, Kota Balikpapan, -1.276337448127985, 116.82776028626806
6472, 64, Kota Samarinda, -0.491364825551253, 117.14598009498553
6474, 64, Kota Bontang, 0.06954899217650308, 117.44419874425222
6501, 65, Bulungan, 2.840859024940894, 117.3980777424597
6502, 65, Malinau, 3.5519331947811477, 116.62208456556772
6503, 65, Nunukan, 4.077076241826642, 117.71891117176128
6504, 65, Tana Tidung, 3.6022672070166344, 116.90275124391299
6571, 65, Kota Tarakan, 3.313742611777654, 117.60485527164477
7101, 71, Bolaang Mongondow, 0.8706059890875782, 124.02440439997804
7102, 71, Minahasa, 1.3007636720213933, 124.91086981555465
7103, 71, Kepulauan Sangihe, 3.6124519530653463, 125.49964284257182
7104, 71, Kepulauan Talaud, 4.005791698949146, 126.68188419135473
7105, 71, Minahasa Selatan, 1.213251206534312, 124.59716997112689
7106, 71, Minahasa Utara, 1.4590614069048187, 124.97472972676134
7107, 71, Minahasa Tenggara, 1.0418132213011337, 124.79762142886007
7108, 71, Bolaang Mongondow Utara, 0.9064567526907839, 123.25905058744213
7109, 71, Kepulauan Siau Tagulandang Biaro (Sitaro), 2.744597043553609, 125.36228788467754
7110, 71, Bolaang Mongondow Timur, 0.7685233845178085, 124.61317307103388
7111, 71, Bolaang Mongondow Selatan, 0.38353955588220484, 124.04788389200526
7171, 71, Kota Manado, 1.484553653349368, 124.84912511558082
7172, 71, Kota Bitung, 1.4453964356838027, 125.1819828268371
7173, 71, Kota Tomohon, 1.3145248488354484, 124.82744674228223
7174, 71, Kota Kotamobagu, 0.743496821258547, 124.31266847335326
7201, 72, Banggai, -0.9943229896836165, 122.78853827900993
7202, 72, Poso, -1.3952022331805114, 120.75482448623922
7203, 72, Donggala, -0.6784643651141344, 119.75257412858682
7204, 72, Toli Toli, 1.0184933341744755, 120.79802306837281
7205, 72, Buol, 1.169077637159471, 121.40975635779172
7206, 72, Morowali, -2.480863226531761, 121.93428529937842
7207, 72, Banggai Kepulauan, -1.3119041730240604, 123.29844358843701
7208, 72, Parigi Moutong, -0.8054270040019127, 120.16032341521101
7209, 72, Tojo Una Una, -0.9146507390533831, 121.588520770778
7210, 72, Sigi, -1.0473982691058936, 119.95034087728645
7211, 72, Banggai Laut, -1.6062920063926547, 123.4963867573023
7212, 72, Morowali Utara, -1.9772829228540625, 121.33550832771283
7271, 72, Kota Palu, -0.8999595654952609, 119.89102154408883
7301, 73, Kepulauan Selayar, -6.120175497106447, 120.46634581441285
7302, 73, Bulukumba, -5.558243996799272, 120.19308054104557
7303, 73, Bantaeng, -5.5531536726224795, 119.96718599882868
7304, 73, Jeneponto, -5.67694518150875, 119.74938992549147
7305, 73, Takalar, -5.4254592918321345, 119.44063086993823
7306, 73, Gowa, -5.199807421044581, 119.45319036991962
7307, 73, Sinjai, -5.119898627419877, 120.2354438144652
7308, 73, Bone, -4.539251732825663, 120.30925454114436
7309, 73, Maros, -5.01614872131246, 119.57445936973654
7310, 73, Pangkajene Kepulauan, -4.845732154757298, 119.5598290821929
7311, 73, Barru, -4.4140407769508325, 119.61729394119529
7312, 73, Soppeng, -4.3644497502828505, 119.89777167015757
7313, 73, Wajo, -4.1120716633903855, 120.02715621245426
7314, 73, Sidenreng Rappang, -3.933052597666273, 119.76930544132097
7315, 73, Pinrang, -3.809259094007871, 119.65000307873112
7316, 73, Enrekang, -3.588329898134274, 119.77030102200364
7317, 73, Luwu, -3.394691969745157, 120.36551044795807
7318, 73, Tana Toraja, -3.0865430500830704, 119.85708269925097
7322, 73, Luwu Utara, -2.5498538223374445, 120.34615805711422
7324, 73, Luwu Timur, -2.6162481191655704, 121.12410632820034
7326, 73, Toraja Utara, -2.9736212067823917, 119.89482069925177
7371, 73, Kota Makassar, -5.133215561201631, 119.40783685662606
7372, 73, Kota Pare Pare, -4.027782140067662, 119.63332752802752
7373, 73, Kota Palopo, -3.008386458063242, 120.20156382818331
7401, 74, Kolaka, -4.060808748107698, 121.61611935687937
7402, 74, Konawe, -3.854233561558946, 122.04272734128605
7403, 74, Muna, -4.797870620269443, 122.71895870272489
7404, 74, Buton, -5.495773575456685, 122.84013943527818
7405, 74, Konawe Selatan, -4.332035736807719, 122.28131524347981
7406, 74, Bombana, -4.747234642989351, 122.0110926542551
7407, 74, Wakatobi, -5.328300233247569, 23.5389007621827
7408, 74, Kolaka Utara, -3.4901354632505868, 120.88752770777094
7409, 74, Konawe Utara, -3.51235292694681, 122.11073191638067
7410, 74, Buton Utara, -4.8010073959736, 122.98309527349197
7411, 74, Kolaka Timur, -4.000510057990807, 121.8619498140791
7412, 74, Konawe Kepulauan, -4.052608169270012, 122.9885847942083
7413, 74, Muna Barat, -4.7917142624455, 122.49418357893698
7414, 74, Buton Tengah, -5.316413937156861, 122.53197889106548
7415, 74, Buton Selatan, -5.608164675860151, 122.6006216432974
7471, 74, Kota Kendari, -3.9729017385837686, 122.51174077056197
7472, 74, Kota Bau Bau, -5.485071885684611, 122.58479937279147
7501, 75, Gorontalo, 0.6290030224702096, 122.98093758487616
7502, 75, Boalemo, 0.5292719285160986, 122.34754187571235
7503, 75, Bone Bolango, 0.5574113394247833, 123.14391729846989
7504, 75, Pahuwato, 0.7055277999999999, 121.71954589999996
7505, 75, Gorontalo Utara, 0.7909498464253044, 122.86871529758803
7571, 75, Kota Gorontalo, 0.5319060577592112, 123.0595026528477
7601, 76, Pasangkayu (Mamuju Utara), -2.664913765308631, 118.85279559870158
7602, 76, Mamuju, -1.1737447997757244, 119.37723724714068
7603, 76, Mamasa, -2.6897491591296983, 118.88453367460207
7604, 76, Polewali Mandar, -2.9556254753926536, 119.36286435705937
7605, 76, Majene, -3.4077171800221633, 119.31115423620673
7606, 76, Mamuju Tengah, -3.548096071882418, 118.95929449246914
8101, 81, Maluku Tengah, -2.08191948325633, 119.30101480907719
8102, 81, Maluku Tenggara, -5.682916545472394, 132.71727708818904
8103, 81, Kepulauan Tanimbar (Maluku Tenggara Barat), -7.970115508208761, 131.3122650572608
8104, 81, Buru, -3.2591745680268827, 127.10278183791851
8105, 81, Seram Bagian Timur, -3.10374969502556, 130.4886076064629
8106, 81, Seram Bagian Barat, -3.066663330229327, 128.23003905355495
8107, 81, Kepulauan Aru, -5.775177775557766, 134.21458787827214
8108, 81, Maluku Barat Daya, -8.148038324123522, 127.8015502463786
8109, 81, Buru Selatan, -3.8377899371827398, 126.73425882890845
8171, 81, Kota Ambon, -3.6943237268737126, 128.1813033560866
8172, 81, Kota Tual, -5.6346805376740114, 132.75172074301332
8201, 82, Halmahera Barat, 1.0804684023803615, 127.48015504022084
8202, 82, Halmahera Tengah, 0.3304236239764005, 127.87025115227507
8203, 82, Halmahera Utara, 1.728187436226181, 127.99219712155028
8204, 82, Halmahera Selatan, -0.6454745703649585, 127.50498392309089
8205, 82, Kepulauan Sula, -2.0069779241586523, 125.96414541579409
8206, 82, Halmahera Timur, 0.6774434668568071, 128.2840838248518
8207, 82, Pulau Morotai, 2.0132967093802083, 128.2837176160731
8208, 82, Pulau Taliabu, -1.9474435273583983, 124.3872161387243
8271, 82, Kota Ternate, 0.7857513986405484, 127.38784601086685
8272, 82, Kota Tidore Kepulauan, 0.671565379994557, 127.44672305015295
9103, 91, Jayapura, -2.5498717752817006, 140.47710271224273
9105, 91, Kepulauan Yapen, -1.874066803353508, 136.23707760338652
9106, 91, Biak Numfor, -1.170708606082667, 136.0901928711222
9110, 91, Sarmi, -1.8685726776038396, 138.74422616800342
9111, 91, Keerom, -2.9087252628071565, 140.77334129532647
9115, 91, Waropen, -2.2408409305863604, 136.3794501810602
9119, 91, Supiori, -0.730681951344063, 135.7326415849256
9120, 91, Mamberamo Raya, -2.3708064074858095, 138.04986837362105
9171, 91, Kota Jayapura, -2.5626261642155557, 140.69263309579875
9202, 92, Manokwari, -0.8908143771517435, 134.04012022193126
9203, 92, Fak Fak, -2.928858303144004, 132.29363471143284
9206, 92, Teluk Bintuni, -2.0349716122196853, 133.73180639786548
9207, 92, Teluk Wondama, -2.8276928485593285, 134.53572347142966
9208, 92, Kaimana, -3.6396913935577087, 133.74006737885003
9211, 92, Manokwari Selatan, -1.5063952702108039, 134.16864333913085
9212, 92, Pegunungan Arfak, -1.3250472221470158, 133.9165696939254
9301, 93, Merauke, -8.508696154665504, 140.40967635178788
9302, 93, Boven Digoel, -6.100403916696958, 140.32061122283034
9303, 93, Mappi, -6.5281463061129115, 139.3192523694171
9304, 93, Asmat, -5.5409474839359305, 138.13682960832256
9401, 94, Nabire, -3.363365864105701, 135.50389107766932
9402, 94, Puncak Jaya, -3.716207542016092, 137.98781735692376
9403, 94, Paniai, -3.941435318407964, 136.4216307854296
9404, 94, Mimika, -4.4558567246897995, 136.85372895723708
9405, 94, Puncak, -3.971608513617806, 137.64179825141554
9406, 94, Dogiyai, -4.004608084689695, 136.0377620012195
9407, 94, Intan Jaya, -3.7405289181387547, 137.04395179418287
9408, 94, Deiyai, -4.032249309755539, 136.29899153745475
9501, 95, Jayawijaya, -4.099306801793126, 138.94314903715775
9502, 95, Pegunungan Bintang, -4.890902753435135, 140.6399248830013
9503, 95, Yahukimo, -4.886949804165835, 139.52051776219918
9504, 95, Tolikara, -3.682250900207365, 138.4734846330228
9505, 95, Mamberamo Tengah, -3.671617193020148, 139.06076334013963
9506, 95, Yalimo, -3.7788529007356377, 139.38315671497205
9507, 95, Lanny Jaya, -3.923598745963506, 138.4495844424401
9508, 95, Nduga, -4.406940530605307, 138.23935476923037
9601, 96, Sorong, -0.9884965001187047, 131.36625323576942
9604, 96, Sorong Selatan, -1.4752482751322984, 132.08562214178235
9605, 96, Raja Ampat, -0.41850625897138194, 130.82879113180778
9609, 96, Tambrauw, -0.4973012250548381, 132.08809753102656
9610, 96, Maybrat, -1.257254042993835, 132.49862338124385
9671, 96, Kota Sorong, -0.881124482673792, 131.28763959924163





































